segment_id,source_file,number_of_frames,time_of_day,location,weather,average_vehicles_per_frame,maximum_vehicles_in_frame,vehicle_frame_coverage_percent,average_pedestrians_per_frame,maximum_pedestrians_in_frame,pedestrian_frame_coverage_percent,average_cyclists_per_frame,maximum_cyclists_in_frame,cyclist_frame_coverage_percent,average_signs_per_frame,average_target_objects_per_frame,density_group
13415985003725220451_6163_000_6183_000,13415985003725220451_6163_000_6183_000.parquet,199,Dawn/Dusk,location_phx,rain,23.367,29,100.0,0.0,0,0.0,0.0,0,0.0,0.0,23.367,low
10689101165701914459_2072_300_2092_300,10689101165701914459_2072_300_2092_300.parquet,198,Dawn/Dusk,location_phx,sunny,42.96,64,100.0,5.47,8,100.0,1.753,5,62.63,0.0,50.182,medium
12820461091157089924_5202_916_5222_916,12820461091157089924_5202_916_5222_916.parquet,198,Dawn/Dusk,location_phx,sunny,54.838,66,100.0,0.303,3,26.26,0.0,0,0.0,0.0,55.141,medium
14081240615915270380_4399_000_4419_000,14081240615915270380_4399_000_4419_000.parquet,198,Dawn/Dusk,location_phx,sunny,44.157,53,100.0,2.596,4,100.0,0.0,0,0.0,0.0,46.753,medium
14931160836268555821_5778_870_5798_870,14931160836268555821_5778_870_5798_870.parquet,181,Dawn/Dusk,location_phx,sunny,6.028,12,100.0,8.762,15,100.0,2.983,6,91.16,0.0,17.773,low
15488266120477489949_3162_920_3182_920,15488266120477489949_3162_920_3182_920.parquet,198,Dawn/Dusk,location_phx,sunny,15.323,39,100.0,13.652,37,100.0,0.0,0,0.0,0.0,28.975,medium
17136314889476348164_979_560_999_560,17136314889476348164_979_560_999_560.parquet,194,Dawn/Dusk,location_phx,sunny,15.778,21,100.0,2.546,6,100.0,0.0,0,0.0,0.0,18.325,low
17763730878219536361_3144_635_3164_635,17763730878219536361_3144_635_3164_635.parquet,198,Dawn/Dusk,location_phx,sunny,7.581,11,100.0,0.0,0,0.0,0.0,0,0.0,0.0,7.581,low
4409585400955983988_3500_470_3520_470,4409585400955983988_3500_470_3520_470.parquet,199,Dawn/Dusk,location_phx,sunny,12.397,20,100.0,0.849,4,43.22,0.482,2,44.22,0.0,13.729,low
6491418762940479413_6520_000_6540_000,6491418762940479413_6520_000_6540_000.parquet,199,Dawn/Dusk,location_phx,sunny,21.98,33,100.0,0.0,0,0.0,0.0,0,0.0,0.0,21.98,low
8845277173853189216_3828_530_3848_530,8845277173853189216_3828_530_3848_530.parquet,196,Dawn/Dusk,location_phx,sunny,13.673,18,100.0,2.046,4,95.41,0.0,0,0.0,0.0,15.719,low
9041488218266405018_6454_030_6474_030,9041488218266405018_6454_030_6474_030.parquet,198,Dawn/Dusk,location_phx,sunny,18.712,57,100.0,12.874,45,96.97,1.146,4,61.62,0.0,32.732,medium
9265793588137545201_2981_960_3001_960,9265793588137545201_2981_960_3001_960.parquet,198,Dawn/Dusk,location_phx,sunny,13.131,20,100.0,20.929,35,100.0,0.0,0,0.0,0.0,34.061,medium
967082162553397800_5102_900_5122_900,967082162553397800_5102_900_5122_900.parquet,199,Dawn/Dusk,location_phx,sunny,18.729,40,100.0,2.281,7,77.39,0.0,0,0.0,0.0,21.01,low
12657584952502228282_3940_000_3960_000,12657584952502228282_3940_000_3960_000.parquet,198,Dawn/Dusk,location_sf,sunny,50.066,93,100.0,4.636,15,95.96,0.035,1,3.54,0.0,54.737,medium
1331771191699435763_440_000_460_000,1331771191699435763_440_000_460_000.parquet,198,Dawn/Dusk,location_sf,sunny,16.111,23,100.0,0.076,1,7.58,0.0,0,0.0,0.0,16.187,low
14624061243736004421_1840_000_1860_000,14624061243736004421_1840_000_1860_000.parquet,199,Dawn/Dusk,location_sf,sunny,22.884,26,100.0,15.683,20,100.0,0.0,0,0.0,0.0,38.568,medium
17694030326265859208_2340_000_2360_000,17694030326265859208_2340_000_2360_000.parquet,192,Dawn/Dusk,location_sf,sunny,49.922,75,100.0,30.651,47,100.0,0.766,2,60.42,0.0,81.339,high
17791493328130181905_1480_000_1500_000,17791493328130181905_1480_000_1500_000.parquet,196,Dawn/Dusk,location_sf,sunny,15.219,19,100.0,69.74,78,100.0,2.908,5,100.0,0.0,87.867,high
4246537812751004276_1560_000_1580_000,4246537812751004276_1560_000_1580_000.parquet,199,Dawn/Dusk,location_sf,sunny,48.905,53,100.0,0.0,0,0.0,0.0,0,0.0,0.0,48.905,medium
5772016415301528777_1400_000_1420_000,5772016415301528777_1400_000_1420_000.parquet,198,Dawn/Dusk,location_sf,sunny,62.051,125,100.0,6.197,15,100.0,0.0,0,0.0,0.0,68.247,high
9114112687541091312_1100_000_1120_000,9114112687541091312_1100_000_1120_000.parquet,197,Dawn/Dusk,location_sf,sunny,41.173,45,100.0,50.934,57,100.0,3.421,5,100.0,0.0,95.528,high
9579041874842301407_1300_000_1320_000,9579041874842301407_1300_000_1320_000.parquet,199,Dawn/Dusk,location_sf,sunny,53.819,65,100.0,18.523,29,100.0,0.0,0,0.0,0.0,72.342,high
10448102132863604198_472_000_492_000,10448102132863604198_472_000_492_000.parquet,183,Day,location_other,sunny,20.344,25,100.0,0.169,1,16.94,0.0,0,0.0,0.0,20.514,low
11406166561185637285_1753_750_1773_750,11406166561185637285_1753_750_1773_750.parquet,198,Day,location_other,sunny,21.975,31,100.0,1.258,2,99.49,2.722,5,83.33,0.0,25.955,low
12134738431513647889_3118_000_3138_000,12134738431513647889_3118_000_3138_000.parquet,198,Day,location_other,sunny,31.591,39,100.0,0.0,0,0.0,0.0,0,0.0,0.0,31.591,medium
12358364923781697038_2232_990_2252_990,12358364923781697038_2232_990_2252_990.parquet,199,Day,location_other,sunny,13.312,21,100.0,4.055,11,73.37,0.06,1,6.03,0.0,17.427,low
14127943473592757944_2068_000_2088_000,14127943473592757944_2068_000_2088_000.parquet,198,Day,location_other,sunny,42.288,51,100.0,0.0,0,0.0,0.0,0,0.0,0.0,42.288,medium
14687328292438466674_892_000_912_000,14687328292438466674_892_000_912_000.parquet,198,Day,location_other,sunny,9.253,13,100.0,0.0,0,0.0,0.0,0,0.0,0.0,9.253,low
15396462829361334065_4265_000_4285_000,15396462829361334065_4265_000_4285_000.parquet,199,Day,location_other,sunny,52.035,117,100.0,0.96,5,56.78,0.0,0,0.0,0.0,52.995,medium
15948509588157321530_7187_290_7207_290,15948509588157321530_7187_290_7207_290.parquet,199,Day,location_other,sunny,26.618,36,100.0,2.739,8,83.42,0.246,2,17.09,0.0,29.603,medium
1906113358876584689_1359_560_1379_560,1906113358876584689_1359_560_1379_560.parquet,199,Day,location_other,sunny,25.216,35,100.0,1.111,6,36.18,0.814,1,81.41,0.0,27.141,low
2308204418431899833_3575_000_3595_000,2308204418431899833_3575_000_3595_000.parquet,196,Day,location_other,sunny,71.495,97,100.0,0.327,2,28.06,0.0,0,0.0,0.0,71.821,high
2335854536382166371_2709_426_2729_426,2335854536382166371_2709_426_2729_426.parquet,197,Day,location_other,sunny,14.274,22,100.0,0.858,6,27.92,0.452,1,45.18,0.0,15.584,low
3915587593663172342_10_000_30_000,3915587593663172342_10_000_30_000.parquet,199,Day,location_other,sunny,47.804,77,100.0,0.231,1,23.12,0.0,0,0.0,0.0,48.035,medium
5574146396199253121_6759_360_6779_360,5574146396199253121_6759_360_6779_360.parquet,196,Day,location_other,sunny,46.031,54,100.0,7.485,9,100.0,0.413,2,36.22,0.0,53.929,medium
6161542573106757148_585_030_605_030,6161542573106757148_585_030_605_030.parquet,198,Day,location_other,sunny,17.318,32,100.0,3.212,9,88.89,0.0,0,0.0,0.0,20.53,low
6324079979569135086_2372_300_2392_300,6324079979569135086_2372_300_2392_300.parquet,197,Day,location_other,sunny,68.198,92,100.0,4.843,8,100.0,2.614,7,85.79,0.0,75.655,high
7988627150403732100_1487_540_1507_540,7988627150403732100_1487_540_1507_540.parquet,199,Day,location_other,sunny,33.779,38,100.0,47.899,151,100.0,0.0,0,0.0,0.0,81.678,high
8398516118967750070_3958_000_3978_000,8398516118967750070_3958_000_3978_000.parquet,199,Day,location_other,sunny,27.945,37,100.0,0.0,0,0.0,0.0,0,0.0,0.0,27.945,medium
9024872035982010942_2578_810_2598_810,9024872035982010942_2578_810_2598_810.parquet,198,Day,location_other,sunny,30.581,35,100.0,12.652,18,100.0,0.0,0,0.0,0.0,43.232,medium
9472420603764812147_850_000_870_000,9472420603764812147_850_000_870_000.parquet,198,Day,location_other,sunny,36.364,77,100.0,0.212,2,18.69,0.0,0,0.0,0.0,36.576,medium
10203656353524179475_7625_000_7645_000,10203656353524179475_7625_000_7645_000.parquet,198,Day,location_phx,sunny,62.328,78,100.0,9.045,20,100.0,0.0,0,0.0,0.0,71.374,high
1071392229495085036_1844_790_1864_790,1071392229495085036_1844_790_1864_790.parquet,198,Day,location_phx,sunny,19.717,36,100.0,0.0,0,0.0,1.434,4,70.2,0.0,21.152,low
10837554759555844344_6525_000_6545_000,10837554759555844344_6525_000_6545_000.parquet,198,Day,location_phx,sunny,44.525,94,100.0,0.424,3,20.2,0.0,0,0.0,0.0,44.949,medium
11048712972908676520_545_000_565_000,11048712972908676520_545_000_565_000.parquet,199,Day,location_phx,sunny,65.97,101,100.0,5.472,11,89.45,0.0,0,0.0,0.0,71.442,high
1105338229944737854_1280_000_1300_000,1105338229944737854_1280_000_1300_000.parquet,199,Day,location_phx,sunny,137.382,155,100.0,18.0,24,100.0,0.0,0,0.0,0.0,155.382,high
11356601648124485814_409_000_429_000,11356601648124485814_409_000_429_000.parquet,199,Day,location_phx,sunny,126.774,135,100.0,4.035,8,98.99,0.0,0,0.0,0.0,130.809,high
11434627589960744626_4829_660_4849_660,11434627589960744626_4829_660_4849_660.parquet,198,Day,location_phx,sunny,99.197,143,100.0,3.096,9,93.43,0.0,0,0.0,0.0,102.293,high
11450298750351730790_1431_750_1451_750,11450298750351730790_1431_750_1451_750.parquet,198,Day,location_phx,sunny,43.763,59,100.0,3.081,9,100.0,0.0,0,0.0,0.0,46.843,medium
11616035176233595745_3548_820_3568_820,11616035176233595745_3548_820_3568_820.parquet,199,Day,location_phx,sunny,12.643,22,100.0,0.734,2,70.85,0.0,0,0.0,0.0,13.377,low
12102100359426069856_3931_470_3951_470,12102100359426069856_3931_470_3951_470.parquet,198,Day,location_phx,sunny,9.581,16,100.0,1.97,5,68.69,0.0,0,0.0,0.0,11.551,low
12374656037744638388_1412_711_1432_711,12374656037744638388_1412_711_1432_711.parquet,199,Day,location_phx,sunny,33.05,77,100.0,1.829,7,41.21,0.0,0,0.0,0.0,34.879,medium
12831741023324393102_2673_230_2693_230,12831741023324393102_2673_230_2693_230.parquet,198,Day,location_phx,sunny,17.369,33,100.0,3.03,8,73.23,0.0,0,0.0,0.0,20.399,low
13178092897340078601_5118_604_5138_604,13178092897340078601_5118_604_5138_604.parquet,198,Day,location_phx,sunny,116.682,141,100.0,3.116,4,100.0,0.0,0,0.0,0.0,119.798,high
13469905891836363794_4429_660_4449_660,13469905891836363794_4429_660_4449_660.parquet,198,Day,location_phx,sunny,11.722,20,100.0,1.0,2,92.42,0.0,0,0.0,0.0,12.722,low
13573359675885893802_1985_970_2005_970,13573359675885893802_1985_970_2005_970.parquet,199,Day,location_phx,sunny,93.09,121,100.0,2.538,10,87.94,0.0,0,0.0,0.0,95.628,high
13941626351027979229_3363_930_3383_930,13941626351027979229_3363_930_3383_930.parquet,199,Day,location_phx,sunny,127.01,143,100.0,8.633,14,100.0,0.0,0,0.0,0.0,135.643,high
14165166478774180053_1786_000_1806_000,14165166478774180053_1786_000_1806_000.parquet,198,Day,location_phx,sunny,51.131,115,100.0,2.066,7,74.75,0.0,0,0.0,0.0,53.197,medium
14244512075981557183_1226_840_1246_840,14244512075981557183_1226_840_1246_840.parquet,197,Day,location_phx,sunny,108.086,123,100.0,9.259,15,100.0,0.0,0,0.0,0.0,117.345,high
14333744981238305769_5658_260_5678_260,14333744981238305769_5658_260_5678_260.parquet,199,Day,location_phx,sunny,10.181,27,100.0,0.794,3,60.3,0.0,0,0.0,0.0,10.975,low
14486517341017504003_3406_349_3426_349,14486517341017504003_3406_349_3426_349.parquet,199,Day,location_phx,sunny,109.834,161,100.0,1.804,5,64.82,0.0,0,0.0,0.0,111.638,high
1457696187335927618_595_027_615_027,1457696187335927618_595_027_615_027.parquet,199,Day,location_phx,sunny,64.804,104,100.0,2.513,9,84.92,0.513,2,49.75,0.0,67.829,high
14663356589561275673_935_195_955_195,14663356589561275673_935_195_955_195.parquet,198,Day,location_phx,sunny,11.838,21,100.0,1.556,6,63.13,0.0,0,0.0,0.0,13.394,low
14811410906788672189_373_113_393_113,14811410906788672189_373_113_393_113.parquet,197,Day,location_phx,sunny,23.305,66,100.0,3.137,7,61.93,0.0,0,0.0,0.0,26.442,low
14956919859981065721_1759_980_1779_980,14956919859981065721_1759_980_1779_980.parquet,199,Day,location_phx,sunny,123.487,142,100.0,4.04,6,100.0,0.658,2,44.22,0.0,128.186,high
15021599536622641101_556_150_576_150,15021599536622641101_556_150_576_150.parquet,199,Day,location_phx,sunny,49.573,57,100.0,2.422,5,94.97,0.0,0,0.0,0.0,51.995,medium
1505698981571943321_1186_773_1206_773,1505698981571943321_1186_773_1206_773.parquet,198,Day,location_phx,sunny,32.364,49,100.0,0.071,1,7.07,0.0,0,0.0,0.0,32.434,medium
15096340672898807711_3765_000_3785_000,15096340672898807711_3765_000_3785_000.parquet,199,Day,location_phx,sunny,47.799,61,100.0,5.678,13,100.0,0.0,0,0.0,0.0,53.477,medium
15496233046893489569_4551_550_4571_550,15496233046893489569_4551_550_4571_550.parquet,198,Day,location_phx,sunny,8.51,17,100.0,0.732,2,44.95,0.343,2,18.69,0.0,9.586,low
15724298772299989727_5386_410_5406_410,15724298772299989727_5386_410_5406_410.parquet,197,Day,location_phx,sunny,5.563,10,75.13,1.695,6,76.14,0.548,2,53.81,0.0,7.807,low
15959580576639476066_5087_580_5107_580,15959580576639476066_5087_580_5107_580.parquet,199,Day,location_phx,sunny,9.432,13,100.0,2.734,7,94.47,0.0,0,0.0,0.0,12.166,low
16213317953898915772_1597_170_1617_170,16213317953898915772_1597_170_1617_170.parquet,197,Day,location_phx,sunny,69.036,87,100.0,11.396,17,100.0,0.751,1,75.13,0.0,81.183,high
16751706457322889693_4475_240_4495_240,16751706457322889693_4475_240_4495_240.parquet,198,Day,location_phx,sunny,19.879,31,100.0,1.677,3,92.42,0.0,0,0.0,0.0,21.556,low
16767575238225610271_5185_000_5205_000,16767575238225610271_5185_000_5205_000.parquet,199,Day,location_phx,sunny,49.739,99,100.0,1.849,6,62.81,0.0,0,0.0,0.0,51.588,medium
16979882728032305374_2719_000_2739_000,16979882728032305374_2719_000_2739_000.parquet,198,Day,location_phx,sunny,43.944,50,100.0,0.0,0,0.0,0.0,0,0.0,0.0,43.944,medium
17344036177686610008_7852_160_7872_160,17344036177686610008_7852_160_7872_160.parquet,198,Day,location_phx,sunny,9.045,19,100.0,0.879,6,37.37,0.0,0,0.0,0.0,9.924,low
17962792089966876718_2210_933_2230_933,17962792089966876718_2210_933_2230_933.parquet,199,Day,location_phx,sunny,61.618,92,100.0,0.035,1,3.52,0.905,1,90.45,0.0,62.558,medium
18045724074935084846_6615_900_6635_900,18045724074935084846_6615_900_6635_900.parquet,199,Day,location_phx,sunny,14.196,18,100.0,1.482,3,69.85,0.0,0,0.0,0.0,15.678,low
18252111882875503115_378_471_398_471,18252111882875503115_378_471_398_471.parquet,198,Day,location_phx,sunny,78.768,126,100.0,1.323,4,72.73,0.0,0,0.0,0.0,80.091,high
18333922070582247333_320_280_340_280,18333922070582247333_320_280_340_280.parquet,198,Day,location_phx,sunny,1.298,8,60.61,6.798,13,97.47,0.0,0,0.0,0.0,8.096,low
2094681306939952000_2972_300_2992_300,2094681306939952000_2972_300_2992_300.parquet,199,Day,location_phx,sunny,98.106,123,100.0,7.106,11,100.0,0.0,0,0.0,0.0,105.211,high
2105808889850693535_2295_720_2315_720,2105808889850693535_2295_720_2315_720.parquet,198,Day,location_phx,sunny,54.258,108,100.0,7.116,21,99.49,0.187,2,17.17,0.0,61.561,medium
2367305900055174138_1881_827_1901_827,2367305900055174138_1881_827_1901_827.parquet,197,Day,location_phx,sunny,17.249,25,100.0,2.492,7,61.93,0.0,0,0.0,0.0,19.741,low
2506799708748258165_6455_000_6475_000,2506799708748258165_6455_000_6475_000.parquet,199,Day,location_phx,sunny,32.92,42,100.0,0.0,0,0.0,0.0,0,0.0,0.0,32.92,medium
260994483494315994_2797_545_2817_545,260994483494315994_2797_545_2817_545.parquet,199,Day,location_phx,sunny,46.04,56,100.0,5.698,10,90.95,0.0,0,0.0,0.0,51.739,medium
2624187140172428292_73_000_93_000,2624187140172428292_73_000_93_000.parquet,199,Day,location_phx,sunny,56.96,74,100.0,1.437,3,85.93,0.0,0,0.0,0.0,58.397,medium
271338158136329280_2541_070_2561_070,271338158136329280_2541_070_2561_070.parquet,199,Day,location_phx,sunny,9.93,22,100.0,0.0,0,0.0,0.0,0,0.0,0.0,9.93,low
272435602399417322_2884_130_2904_130,272435602399417322_2884_130_2904_130.parquet,197,Day,location_phx,sunny,7.228,14,100.0,0.655,4,31.47,0.0,0,0.0,0.0,7.883,low
2736377008667623133_2676_410_2696_410,2736377008667623133_2676_410_2696_410.parquet,197,Day,location_phx,sunny,5.64,12,100.0,3.178,9,95.94,1.036,2,95.43,0.0,9.853,low
2834723872140855871_1615_000_1635_000,2834723872140855871_1615_000_1635_000.parquet,198,Day,location_phx,sunny,59.369,90,100.0,0.136,3,8.59,2.101,7,60.1,0.0,61.606,medium
3039251927598134881_1240_610_1260_610,3039251927598134881_1240_610_1260_610.parquet,198,Day,location_phx,sunny,11.712,20,100.0,10.434,26,87.88,0.0,0,0.0,0.0,22.146,low
3126522626440597519_806_440_826_440,3126522626440597519_806_440_826_440.parquet,198,Day,location_phx,sunny,17.646,43,100.0,1.455,6,43.94,3.646,8,100.0,0.0,22.747,low
346889320598157350_798_187_818_187,346889320598157350_798_187_818_187.parquet,199,Day,location_phx,sunny,46.106,67,100.0,2.779,7,100.0,0.216,2,17.09,0.0,49.101,medium
366934253670232570_2229_530_2249_530,366934253670232570_2229_530_2249_530.parquet,198,Day,location_phx,sunny,2.495,13,70.2,0.47,2,41.41,0.495,2,44.95,0.0,3.46,low
4195774665746097799_7300_960_7320_960,4195774665746097799_7300_960_7320_960.parquet,199,Day,location_phx,sunny,9.397,17,100.0,1.673,6,60.8,0.0,0,0.0,0.0,11.07,low
4423389401016162461_4235_900_4255_900,4423389401016162461_4235_900_4255_900.parquet,198,Day,location_phx,sunny,61.056,79,100.0,10.904,21,100.0,0.0,0,0.0,0.0,71.96,high
4490196167747784364_616_569_636_569,4490196167747784364_616_569_636_569.parquet,198,Day,location_phx,sunny,28.535,62,100.0,0.03,1,3.03,0.677,2,63.64,0.0,29.242,medium
5183174891274719570_3464_030_3484_030,5183174891274719570_3464_030_3484_030.parquet,199,Day,location_phx,sunny,6.332,11,100.0,1.874,4,77.89,0.704,2,57.79,0.0,8.91,low
5372281728627437618_2005_000_2025_000,5372281728627437618_2005_000_2025_000.parquet,198,Day,location_phx,sunny,43.909,56,100.0,0.0,0,0.0,0.0,0,0.0,0.0,43.909,medium
5373876050695013404_3817_170_3837_170,5373876050695013404_3817_170_3837_170.parquet,197,Day,location_phx,sunny,17.411,72,85.28,1.584,6,53.3,0.0,0,0.0,0.0,18.995,low
6001094526418694294_4609_470_4629_470,6001094526418694294_4609_470_4629_470.parquet,198,Day,location_phx,sunny,84.773,115,100.0,4.091,8,100.0,0.965,1,96.46,0.0,89.828,high
6183008573786657189_5414_000_5434_000,6183008573786657189_5414_000_5434_000.parquet,199,Day,location_phx,sunny,23.864,39,100.0,0.0,0,0.0,0.0,0,0.0,0.0,23.864,low
662188686397364823_3248_800_3268_800,662188686397364823_3248_800_3268_800.parquet,199,Day,location_phx,sunny,98.935,139,100.0,3.729,8,100.0,0.0,0,0.0,0.0,102.663,high
6637600600814023975_2235_000_2255_000,6637600600814023975_2235_000_2255_000.parquet,199,Day,location_phx,sunny,69.668,88,100.0,2.94,8,97.49,0.0,0,0.0,0.0,72.608,high
6707256092020422936_2352_392_2372_392,6707256092020422936_2352_392_2372_392.parquet,198,Day,location_phx,sunny,17.338,38,100.0,0.359,1,35.86,0.758,2,65.66,0.0,18.455,low
7119831293178745002_1094_720_1114_720,7119831293178745002_1094_720_1114_720.parquet,198,Day,location_phx,sunny,19.687,26,100.0,5.253,9,100.0,0.0,0,0.0,0.0,24.939,low
7163140554846378423_2717_820_2737_820,7163140554846378423_2717_820_2737_820.parquet,199,Day,location_phx,sunny,35.99,81,100.0,4.352,11,100.0,0.0,0,0.0,0.0,40.342,medium
8133434654699693993_1162_020_1182_020,8133434654699693993_1162_020_1182_020.parquet,198,Day,location_phx,sunny,12.434,20,100.0,0.0,0,0.0,0.561,2,41.41,0.0,12.995,low
8331804655557290264_4351_740_4371_740,8331804655557290264_4351_740_4371_740.parquet,199,Day,location_phx,sunny,43.744,73,100.0,2.975,7,92.96,0.0,0,0.0,0.0,46.719,medium
8888517708810165484_1549_770_1569_770,8888517708810165484_1549_770_1569_770.parquet,199,Day,location_phx,sunny,3.286,10,85.43,0.749,2,53.27,0.0,0,0.0,0.0,4.035,low
8956556778987472864_3404_790_3424_790,8956556778987472864_3404_790_3424_790.parquet,197,Day,location_phx,sunny,126.919,142,100.0,22.168,36,100.0,0.0,0,0.0,0.0,149.086,high
9243656068381062947_1297_428_1317_428,9243656068381062947_1297_428_1317_428.parquet,198,Day,location_phx,sunny,40.126,102,100.0,35.46,77,100.0,0.823,3,66.16,0.0,76.409,high
9443948810903981522_6538_870_6558_870,9443948810903981522_6538_870_6558_870.parquet,199,Day,location_phx,sunny,0.497,2,45.73,5.191,9,91.46,0.759,3,62.31,0.0,6.447,low
1024360143612057520_3580_000_3600_000,1024360143612057520_3580_000_3600_000.parquet,199,Day,location_sf,sunny,53.307,73,100.0,33.116,64,100.0,1.035,3,70.35,0.0,87.457,high
10247954040621004675_2180_000_2200_000,10247954040621004675_2180_000_2200_000.parquet,198,Day,location_sf,sunny,24.03,40,100.0,0.258,2,23.74,0.0,0,0.0,0.0,24.288,low
10289507859301986274_4200_000_4220_000,10289507859301986274_4200_000_4220_000.parquet,198,Day,location_sf,sunny,87.535,136,100.0,60.04,85,100.0,2.899,7,97.98,0.0,150.475,high
10359308928573410754_720_000_740_000,10359308928573410754_720_000_740_000.parquet,199,Day,location_sf,sunny,25.819,35,100.0,5.573,9,100.0,0.0,0,0.0,0.0,31.392,medium
10868756386479184868_3000_000_3020_000,10868756386479184868_3000_000_3020_000.parquet,199,Day,location_sf,sunny,25.553,40,100.0,25.583,34,100.0,0.0,0,0.0,0.0,51.136,medium
12306251798468767010_560_000_580_000,12306251798468767010_560_000_580_000.parquet,198,Day,location_sf,sunny,12.672,20,100.0,0.747,3,57.07,0.0,0,0.0,0.0,13.419,low
12496433400137459534_120_000_140_000,12496433400137459534_120_000_140_000.parquet,197,Day,location_sf,sunny,58.964,139,100.0,22.736,37,100.0,0.954,2,71.57,0.0,82.655,high
12866817684252793621_480_000_500_000,12866817684252793621_480_000_500_000.parquet,199,Day,location_sf,sunny,88.442,106,100.0,13.97,20,100.0,0.166,1,16.58,0.0,102.578,high
12940710315541930162_2660_000_2680_000,12940710315541930162_2660_000_2680_000.parquet,198,Day,location_sf,sunny,59.172,70,100.0,3.253,4,100.0,0.0,0,0.0,0.0,62.424,medium
13299463771883949918_4240_000_4260_000,13299463771883949918_4240_000_4260_000.parquet,198,Day,location_sf,sunny,31.793,47,100.0,1.48,4,72.22,0.0,0,0.0,0.0,33.273,medium
13336883034283882790_7100_000_7120_000,13336883034283882790_7100_000_7120_000.parquet,199,Day,location_sf,sunny,86.211,131,100.0,0.0,0,0.0,0.0,0,0.0,0.0,86.211,high
13356997604177841771_3360_000_3380_000,13356997604177841771_3360_000_3380_000.parquet,198,Day,location_sf,sunny,37.328,75,100.0,39.515,55,100.0,2.263,3,100.0,0.0,79.106,high
1405149198253600237_160_000_180_000,1405149198253600237_160_000_180_000.parquet,197,Day,location_sf,sunny,91.848,118,100.0,4.132,7,100.0,0.0,0,0.0,0.0,95.98,high
14262448332225315249_1280_000_1300_000,14262448332225315249_1280_000_1300_000.parquet,199,Day,location_sf,sunny,56.161,108,100.0,22.176,41,100.0,0.181,1,18.09,0.0,78.518,high
14383152291533557785_240_000_260_000,14383152291533557785_240_000_260_000.parquet,199,Day,location_sf,sunny,58.95,103,100.0,3.281,10,92.96,0.146,1,14.57,0.0,62.377,medium
14739149465358076158_4740_000_4760_000,14739149465358076158_4740_000_4760_000.parquet,198,Day,location_sf,sunny,39.707,82,100.0,30.667,87,100.0,0.152,2,7.58,0.0,70.525,high
15224741240438106736_960_000_980_000,15224741240438106736_960_000_980_000.parquet,199,Day,location_sf,sunny,26.709,43,100.0,54.653,75,100.0,0.075,1,7.54,0.0,81.437,high
15611747084548773814_3740_000_3760_000,15611747084548773814_3740_000_3760_000.parquet,198,Day,location_sf,sunny,25.081,42,100.0,33.768,67,100.0,0.111,2,10.61,0.0,58.96,medium
16204463896543764114_5340_000_5360_000,16204463896543764114_5340_000_5360_000.parquet,198,Day,location_sf,sunny,10.672,17,100.0,0.318,2,25.25,0.313,1,31.31,0.0,11.303,low
16229547658178627464_380_000_400_000,16229547658178627464_380_000_400_000.parquet,197,Day,location_sf,sunny,77.32,193,100.0,22.056,43,100.0,0.0,0,0.0,0.0,99.376,high
17065833287841703_2980_000_3000_000,17065833287841703_2980_000_3000_000.parquet,199,Day,location_sf,sunny,54.201,69,100.0,1.92,3,100.0,0.0,0,0.0,0.0,56.121,medium
17135518413411879545_1480_000_1500_000,17135518413411879545_1480_000_1500_000.parquet,197,Day,location_sf,sunny,9.274,15,82.23,7.305,17,91.88,0.0,0,0.0,0.0,16.579,low
17152649515605309595_3440_000_3460_000,17152649515605309595_3440_000_3460_000.parquet,199,Day,location_sf,sunny,49.814,81,100.0,20.362,40,100.0,0.432,2,40.2,0.0,70.608,high
17244566492658384963_2540_000_2560_000,17244566492658384963_2540_000_2560_000.parquet,199,Day,location_sf,sunny,16.96,66,100.0,0.151,1,15.08,0.0,0,0.0,0.0,17.111,low
17539775446039009812_440_000_460_000,17539775446039009812_440_000_460_000.parquet,197,Day,location_sf,sunny,56.294,61,100.0,15.518,21,100.0,0.0,0,0.0,0.0,71.812,high
17612470202990834368_2800_000_2820_000,17612470202990834368_2800_000_2820_000.parquet,199,Day,location_sf,sunny,30.0,38,100.0,0.91,2,56.28,0.0,0,0.0,0.0,30.91,medium
17626999143001784258_2760_000_2780_000,17626999143001784258_2760_000_2780_000.parquet,198,Day,location_sf,sunny,44.359,54,100.0,27.222,33,100.0,0.136,1,13.64,0.0,71.717,high
17703234244970638241_220_000_240_000,17703234244970638241_220_000_240_000.parquet,198,Day,location_sf,sunny,15.04,31,100.0,0.0,0,0.0,0.0,0,0.0,0.0,15.04,low
17860546506509760757_6040_000_6060_000,17860546506509760757_6040_000_6060_000.parquet,199,Day,location_sf,sunny,26.839,38,100.0,24.899,38,100.0,0.01,1,1.01,0.0,51.749,medium
18331704533904883545_1560_000_1580_000,18331704533904883545_1560_000_1580_000.parquet,198,Day,location_sf,sunny,41.202,99,100.0,0.0,0,0.0,0.0,0,0.0,0.0,41.202,medium
18446264979321894359_3700_000_3720_000,18446264979321894359_3700_000_3720_000.parquet,199,Day,location_sf,sunny,48.322,122,100.0,38.171,51,100.0,0.749,1,74.87,0.0,87.241,high
191862526745161106_1400_000_1420_000,191862526745161106_1400_000_1420_000.parquet,199,Day,location_sf,sunny,22.698,60,100.0,0.0,0,0.0,0.0,0,0.0,0.0,22.698,low
1943605865180232897_680_000_700_000,1943605865180232897_680_000_700_000.parquet,199,Day,location_sf,sunny,113.739,157,100.0,47.462,61,100.0,0.0,0,0.0,0.0,161.201,high
2551868399007287341_3100_000_3120_000,2551868399007287341_3100_000_3120_000.parquet,199,Day,location_sf,sunny,108.97,199,100.0,27.678,42,100.0,0.0,0,0.0,0.0,136.648,high
3015436519694987712_1300_000_1320_000,3015436519694987712_1300_000_1320_000.parquet,199,Day,location_sf,sunny,39.945,90,100.0,3.452,11,98.49,0.0,0,0.0,0.0,43.397,medium
3077229433993844199_1080_000_1100_000,3077229433993844199_1080_000_1100_000.parquet,199,Day,location_sf,sunny,39.482,75,100.0,3.151,9,100.0,0.0,0,0.0,0.0,42.633,medium
30779396576054160_1880_000_1900_000,30779396576054160_1880_000_1900_000.parquet,198,Day,location_sf,sunny,36.788,47,100.0,54.742,62,100.0,1.0,1,100.0,0.0,92.53,high
3577352947946244999_3980_000_4000_000,3577352947946244999_3980_000_4000_000.parquet,199,Day,location_sf,sunny,43.849,56,100.0,38.794,49,100.0,1.276,2,100.0,0.0,83.92,high
3651243243762122041_3920_000_3940_000,3651243243762122041_3920_000_3940_000.parquet,198,Day,location_sf,sunny,22.899,51,100.0,1.485,5,66.67,0.0,0,0.0,0.0,24.384,low
3731719923709458059_1540_000_1560_000,3731719923709458059_1540_000_1560_000.parquet,198,Day,location_sf,sunny,39.303,52,100.0,0.0,0,0.0,0.0,0,0.0,0.0,39.303,medium
4013125682946523088_3540_000_3560_000,4013125682946523088_3540_000_3560_000.parquet,198,Day,location_sf,sunny,29.439,69,100.0,0.783,4,30.81,0.0,0,0.0,0.0,30.222,medium
447576862407975570_4360_000_4380_000,447576862407975570_4360_000_4380_000.parquet,198,Day,location_sf,sunny,19.99,45,100.0,0.0,0,0.0,0.0,0,0.0,0.0,19.99,low
4575389405178805994_4900_000_4920_000,4575389405178805994_4900_000_4920_000.parquet,199,Day,location_sf,sunny,71.608,128,100.0,17.477,29,100.0,0.0,0,0.0,0.0,89.085,high
4612525129938501780_340_000_360_000,4612525129938501780_340_000_360_000.parquet,199,Day,location_sf,sunny,54.392,71,100.0,18.04,25,100.0,0.653,1,65.33,0.0,73.085,high
4690718861228194910_1980_000_2000_000,4690718861228194910_1980_000_2000_000.parquet,199,Day,location_sf,sunny,48.995,57,100.0,17.055,23,100.0,0.392,1,39.2,0.0,66.442,high
4759225533437988401_800_000_820_000,4759225533437988401_800_000_820_000.parquet,198,Day,location_sf,sunny,38.227,48,100.0,17.131,33,100.0,0.0,0,0.0,0.0,55.359,medium
4764167778917495793_860_000_880_000,4764167778917495793_860_000_880_000.parquet,199,Day,location_sf,sunny,24.844,32,100.0,33.844,78,100.0,0.0,0,0.0,0.0,58.688,medium
4854173791890687260_2880_000_2900_000,4854173791890687260_2880_000_2900_000.parquet,199,Day,location_sf,sunny,44.503,118,100.0,10.618,21,100.0,0.548,1,54.77,0.0,55.668,medium
5302885587058866068_320_000_340_000,5302885587058866068_320_000_340_000.parquet,199,Day,location_sf,sunny,49.07,65,100.0,21.497,71,100.0,0.0,0,0.0,0.0,70.568,high
5832416115092350434_60_000_80_000,5832416115092350434_60_000_80_000.parquet,198,Day,location_sf,sunny,63.318,125,100.0,26.071,39,100.0,0.0,0,0.0,0.0,89.389,high
5847910688643719375_180_000_200_000,5847910688643719375_180_000_200_000.parquet,198,Day,location_sf,sunny,93.884,162,100.0,19.394,51,100.0,0.0,0,0.0,0.0,113.278,high
5990032395956045002_6600_000_6620_000,5990032395956045002_6600_000_6620_000.parquet,199,Day,location_sf,sunny,51.186,67,100.0,39.317,50,100.0,0.0,0,0.0,0.0,90.503,high
6074871217133456543_1000_000_1020_000,6074871217133456543_1000_000_1020_000.parquet,197,Day,location_sf,sunny,24.685,54,100.0,0.0,0,0.0,0.0,0,0.0,0.0,24.685,low
6680764940003341232_2260_000_2280_000,6680764940003341232_2260_000_2280_000.parquet,198,Day,location_sf,sunny,47.172,55,100.0,4.99,7,100.0,0.121,1,12.12,0.0,52.283,medium
7253952751374634065_1100_000_1120_000,7253952751374634065_1100_000_1120_000.parquet,199,Day,location_sf,sunny,18.337,38,100.0,0.508,2,47.24,0.0,0,0.0,0.0,18.844,low
7493781117404461396_2140_000_2160_000,7493781117404461396_2140_000_2160_000.parquet,199,Day,location_sf,sunny,147.116,217,100.0,78.935,113,100.0,0.0,0,0.0,0.0,226.05,high
7650923902987369309_2380_000_2400_000,7650923902987369309_2380_000_2400_000.parquet,198,Day,location_sf,sunny,21.955,34,100.0,0.0,0,0.0,0.0,0,0.0,0.0,21.955,low
7732779227944176527_2120_000_2140_000,7732779227944176527_2120_000_2140_000.parquet,199,Day,location_sf,sunny,68.317,106,100.0,51.869,76,100.0,0.0,0,0.0,0.0,120.186,high
7799643635310185714_680_000_700_000,7799643635310185714_680_000_700_000.parquet,198,Day,location_sf,sunny,150.146,203,100.0,38.348,63,100.0,0.5,2,46.46,0.0,188.995,high
7932945205197754811_780_000_800_000,7932945205197754811_780_000_800_000.parquet,198,Day,location_sf,sunny,90.742,100,100.0,7.364,12,100.0,0.0,0,0.0,0.0,98.106,high
8079607115087394458_1240_000_1260_000,8079607115087394458_1240_000_1260_000.parquet,198,Day,location_sf,sunny,29.869,59,100.0,25.359,47,100.0,0.0,0,0.0,0.0,55.227,medium
8137195482049459160_3100_000_3120_000,8137195482049459160_3100_000_3120_000.parquet,199,Day,location_sf,sunny,41.859,48,100.0,29.854,37,100.0,0.0,0,0.0,0.0,71.714,high
8302000153252334863_6020_000_6040_000,8302000153252334863_6020_000_6040_000.parquet,199,Day,location_sf,sunny,52.678,75,100.0,62.035,74,100.0,0.337,1,33.67,0.0,115.05,high
8506432817378693815_4860_000_4880_000,8506432817378693815_4860_000_4880_000.parquet,198,Day,location_sf,sunny,34.136,44,100.0,75.909,100,100.0,1.571,3,100.0,0.0,111.616,high
8907419590259234067_1960_000_1980_000,8907419590259234067_1960_000_1980_000.parquet,198,Day,location_sf,sunny,79.197,134,100.0,42.929,52,100.0,0.0,0,0.0,0.0,122.126,high
89454214745557131_3160_000_3180_000,89454214745557131_3160_000_3180_000.parquet,199,Day,location_sf,sunny,90.111,123,100.0,40.884,51,100.0,0.94,2,92.96,0.0,131.935,high
902001779062034993_2880_000_2900_000,902001779062034993_2880_000_2900_000.parquet,198,Day,location_sf,sunny,38.879,70,100.0,1.576,5,95.96,0.0,0,0.0,0.0,40.455,medium
9231652062943496183_1740_000_1760_000,9231652062943496183_1740_000_1760_000.parquet,198,Day,location_sf,sunny,50.152,106,100.0,36.253,52,100.0,1.49,4,69.19,0.0,87.894,high
933621182106051783_4160_000_4180_000,933621182106051783_4160_000_4180_000.parquet,198,Day,location_sf,sunny,49.354,92,100.0,5.672,9,100.0,0.0,0,0.0,0.0,55.025,medium
11901761444769610243_556_000_576_000,11901761444769610243_556_000_576_000.parquet,196,Night,location_other,sunny,9.128,15,100.0,0.0,0,0.0,0.0,0,0.0,0.0,9.128,low
13184115878756336167_1354_000_1374_000,13184115878756336167_1354_000_1374_000.parquet,199,Night,location_other,sunny,67.482,109,100.0,1.296,4,71.86,0.0,0,0.0,0.0,68.779,high
10335539493577748957_1372_870_1392_870,10335539493577748957_1372_870_1392_870.parquet,198,Night,location_phx,sunny,17.04,34,100.0,1.338,8,47.98,0.0,0,0.0,0.0,18.379,low
11037651371539287009_77_670_97_670,11037651371539287009_77_670_97_670.parquet,191,Night,location_phx,sunny,11.686,17,100.0,2.131,4,65.45,0.0,0,0.0,0.0,13.817,low
14107757919671295130_3546_370_3566_370,14107757919671295130_3546_370_3566_370.parquet,194,Night,location_phx,sunny,35.773,55,100.0,1.675,7,72.16,0.0,0,0.0,0.0,37.448,medium
18024188333634186656_1566_600_1586_600,18024188333634186656_1566_600_1586_600.parquet,198,Night,location_phx,sunny,49.51,63,100.0,12.071,26,100.0,0.0,0,0.0,0.0,61.581,medium
18305329035161925340_4466_730_4486_730,18305329035161925340_4466_730_4486_730.parquet,197,Night,location_phx,sunny,16.64,47,100.0,0.0,0,0.0,0.0,0,0.0,0.0,16.64,low
4816728784073043251_5273_410_5293_410,4816728784073043251_5273_410_5293_410.parquet,196,Night,location_phx,sunny,7.255,12,100.0,1.158,4,56.63,0.0,0,0.0,0.0,8.413,low
9164052963393400298_4692_970_4712_970,9164052963393400298_4692_970_4712_970.parquet,199,Night,location_phx,sunny,21.583,45,100.0,0.864,8,26.63,0.0,0,0.0,0.0,22.447,low
11387395026864348975_3820_000_3840_000,11387395026864348975_3820_000_3840_000.parquet,197,Night,location_sf,sunny,34.701,46,100.0,2.487,5,97.46,0.0,0,0.0,0.0,37.188,medium
11660186733224028707_420_000_440_000,11660186733224028707_420_000_440_000.parquet,197,Night,location_sf,sunny,35.274,69,100.0,6.396,13,100.0,0.0,0,0.0,0.0,41.67,medium
13694146168933185611_800_000_820_000,13694146168933185611_800_000_820_000.parquet,193,Night,location_sf,sunny,15.767,21,100.0,0.0,0,0.0,0.0,0,0.0,0.0,15.767,low
13982731384839979987_1680_000_1700_000,13982731384839979987_1680_000_1700_000.parquet,199,Night,location_sf,sunny,34.342,42,100.0,1.0,1,100.0,0.0,0,0.0,0.0,35.342,medium
14300007604205869133_1160_000_1180_000,14300007604205869133_1160_000_1180_000.parquet,199,Night,location_sf,sunny,48.568,57,100.0,3.719,6,100.0,2.739,6,93.97,0.0,55.025,medium
1464917900451858484_1960_000_1980_000,1464917900451858484_1960_000_1980_000.parquet,197,Night,location_sf,sunny,12.239,20,100.0,0.0,0,0.0,0.0,0,0.0,0.0,12.239,low
15028688279822984888_1560_000_1580_000,15028688279822984888_1560_000_1580_000.parquet,198,Night,location_sf,sunny,31.793,61,100.0,1.54,4,70.2,0.0,0,0.0,0.0,33.333,medium
4426410228514970291_1620_000_1640_000,4426410228514970291_1620_000_1640_000.parquet,198,Night,location_sf,sunny,15.874,24,100.0,0.202,1,20.2,0.0,0,0.0,0.0,16.076,low
5289247502039512990_2640_000_2660_000,5289247502039512990_2640_000_2660_000.parquet,198,Night,location_sf,sunny,44.551,50,100.0,2.187,3,100.0,0.0,0,0.0,0.0,46.737,medium
8679184381783013073_7740_000_7760_000,8679184381783013073_7740_000_7760_000.parquet,198,Night,location_sf,sunny,49.303,80,100.0,15.364,31,100.0,0.854,2,82.83,0.0,65.52,high
