partition,mapped_class,box_count,mean_width,median_width,mean_height,median_height,mean_area,median_area,mean_normalized_area,median_normalized_area,small_box_count,medium_box_count,large_box_count
all,Cyclist,1627,55.849422,37.94,76.885575,60.05,6675.826366,2387.3784,0.0144188313,0.0051764706,717,544,366
all,Pedestrian,4709,45.693525,35.0,103.651718,88.53,6385.416504,3103.0944,0.0139155755,0.0067520053,1748,1534,1427
all,Vehicle,32750,111.336678,78.525,68.354456,47.86,11792.399153,3729.3309,0.025341729,0.0080109872,10564,10950,11236
train,Cyclist,1287,56.399845,37.96,77.117451,60.23,6757.153293,2422.772,0.0145856785,0.005246222,564,431,292
train,Pedestrian,3729,45.653854,34.67,103.24056,88.07,6375.612233,3087.0132,0.0138945552,0.0067243749,1389,1222,1118
train,Vehicle,26278,110.942947,78.335,68.168348,47.65,11712.317827,3709.13115,0.0251690499,0.0079722739,8524,8747,9007
val,Cyclist,340,53.765912,37.86,76.007853,59.53,6367.980029,2236.0511,0.0137872653,0.0048116459,153,113,74
val,Pedestrian,980,45.84448,36.0,105.216214,90.715,6422.722756,3161.75195,0.01399556,0.0068816506,359,312,309
val,Vehicle,6472,112.935326,79.23,69.110102,48.575,12117.550124,3788.64695,0.0260428508,0.0081277852,2040,2203,2229
