detector,class_name,object_size_bin,KITTI_gt_objects,Waymo_gt_objects,KITTI_recall,Waymo_recall,recall_drop_KITTI_minus_Waymo,KITTI_false_negative_rate,Waymo_false_negative_rate,fnr_increase_Waymo_minus_KITTI
yolo,Vehicle,small,4075,14503,0.991656,0.094325,0.897331,0.008344,0.905675,0.897331
yolo,Vehicle,medium,1385,1578,0.992058,0.529151,0.462907,0.007942,0.470849,0.462907
yolo,Vehicle,large,1012,847,0.994071,0.632822,0.361249,0.005929,0.367178,0.361249
yolo,Vehicle,all_sizes,6472,16928,0.99212,0.161803,0.830317,0.00788,0.838197,0.830317
yolo,Pedestrian,small,646,6746,0.93808,0.05633,0.88175,0.06192,0.94367,0.88175
yolo,Pedestrian,medium,298,334,0.996644,0.784431,0.212213,0.003356,0.215569,0.212213
yolo,Pedestrian,large,36,47,1.0,0.978723,0.021277,0.0,0.021277,0.021277
yolo,Pedestrian,all_sizes,980,7127,0.958163,0.096534,0.861629,0.041837,0.903466,0.861629
yolo,Cyclist,small,260,684,0.992308,0.080409,0.911899,0.007692,0.919591,0.911899
yolo,Cyclist,medium,57,66,0.964912,0.530303,0.434609,0.035088,0.469697,0.434609
yolo,Cyclist,large,23,14,1.0,0.285714,0.714286,0.0,0.714286,0.714286
yolo,Cyclist,all_sizes,340,764,0.988235,0.123037,0.865198,0.011765,0.876963,0.865198
yolo,Vulnerable_Road_Users,small,906,7430,0.953642,0.058546,0.895096,0.046358,0.941454,0.895096
yolo,Vulnerable_Road_Users,medium,355,400,0.991549,0.7425,0.249049,0.008451,0.2575,0.249049
yolo,Vulnerable_Road_Users,large,59,61,1.0,0.819672,0.180328,0.0,0.180328,0.180328
yolo,Vulnerable_Road_Users,all_sizes,1320,7891,0.965909,0.0991,0.866809,0.034091,0.9009,0.866809
yolo,All_Classes,small,4981,21933,0.984742,0.082205,0.902537,0.015258,0.917795,0.902537
yolo,All_Classes,medium,1740,1978,0.991954,0.572295,0.419659,0.008046,0.427705,0.419659
yolo,All_Classes,large,1071,908,0.994398,0.645374,0.349024,0.005602,0.354626,0.349024
yolo,All_Classes,all_sizes,7792,24819,0.98768,0.141867,0.845813,0.01232,0.858133,0.845813
rtdetr,Vehicle,small,4075,14503,0.996074,0.214232,0.781842,0.003926,0.785768,0.781842
rtdetr,Vehicle,medium,1385,1578,0.997112,0.776299,0.220813,0.002888,0.223701,0.220813
rtdetr,Vehicle,large,1012,847,0.999012,0.860685,0.138327,0.000988,0.139315,0.138327
rtdetr,Vehicle,all_sizes,6472,16928,0.996755,0.298972,0.697783,0.003245,0.701028,0.697783
rtdetr,Pedestrian,small,646,6746,0.973684,0.223095,0.750589,0.026316,0.776905,0.750589
rtdetr,Pedestrian,medium,298,334,1.0,0.868263,0.131737,0.0,0.131737,0.131737
rtdetr,Pedestrian,large,36,47,1.0,0.957447,0.042553,0.0,0.042553,0.042553
rtdetr,Pedestrian,all_sizes,980,7127,0.982653,0.258173,0.72448,0.017347,0.741827,0.72448
rtdetr,Cyclist,small,260,684,0.996154,0.245614,0.75054,0.003846,0.754386,0.75054
rtdetr,Cyclist,medium,57,66,1.0,0.878788,0.121212,0.0,0.121212,0.121212
rtdetr,Cyclist,large,23,14,1.0,0.357143,0.642857,0.0,0.642857,0.642857
rtdetr,Cyclist,all_sizes,340,764,0.997059,0.302356,0.694703,0.002941,0.697644,0.694703
rtdetr,Vulnerable_Road_Users,small,906,7430,0.980132,0.225168,0.754964,0.019868,0.774832,0.754964
rtdetr,Vulnerable_Road_Users,medium,355,400,1.0,0.87,0.13,0.0,0.13,0.13
rtdetr,Vulnerable_Road_Users,large,59,61,1.0,0.819672,0.180328,0.0,0.180328,0.180328
rtdetr,Vulnerable_Road_Users,all_sizes,1320,7891,0.986364,0.262451,0.723913,0.013636,0.737549,0.723913
rtdetr,All_Classes,small,4981,21933,0.993174,0.217936,0.775238,0.006826,0.782064,0.775238
rtdetr,All_Classes,medium,1740,1978,0.997701,0.795248,0.202453,0.002299,0.204752,0.202453
rtdetr,All_Classes,large,1071,908,0.999066,0.85793,0.141136,0.000934,0.14207,0.141136
rtdetr,All_Classes,all_sizes,7792,24819,0.994995,0.28736,0.707635,0.005005,0.71264,0.707635
retinanet,Vehicle,small,4075,14503,0.970061,0.139419,0.830642,0.029939,0.860581,0.830642
retinanet,Vehicle,medium,1385,1578,0.978339,0.63308,0.345259,0.021661,0.36692,0.345259
retinanet,Vehicle,large,1012,847,0.993083,0.828808,0.164275,0.006917,0.171192,0.164275
retinanet,Vehicle,all_sizes,6472,16928,0.975433,0.219931,0.755502,0.024567,0.780069,0.755502
retinanet,Pedestrian,small,646,6746,0.826625,0.128224,0.698401,0.173375,0.871776,0.698401
retinanet,Pedestrian,medium,298,334,0.973154,0.799401,0.173753,0.026846,0.200599,0.173753
retinanet,Pedestrian,large,36,47,0.972222,0.957447,0.014775,0.027778,0.042553,0.014775
retinanet,Pedestrian,all_sizes,980,7127,0.876531,0.165147,0.711384,0.123469,0.834853,0.711384
retinanet,Cyclist,small,260,684,0.9,0.119883,0.780117,0.1,0.880117,0.780117
retinanet,Cyclist,medium,57,66,0.947368,0.818182,0.129186,0.052632,0.181818,0.129186
retinanet,Cyclist,large,23,14,1.0,0.285714,0.714286,0.0,0.714286,0.714286
retinanet,Cyclist,all_sizes,340,764,0.914706,0.183246,0.73146,0.085294,0.816754,0.73146
retinanet,Vulnerable_Road_Users,small,906,7430,0.847682,0.127456,0.720226,0.152318,0.872544,0.720226
retinanet,Vulnerable_Road_Users,medium,355,400,0.969014,0.8025,0.166514,0.030986,0.1975,0.166514
retinanet,Vulnerable_Road_Users,large,59,61,0.983051,0.803279,0.179772,0.016949,0.196721,0.179772
retinanet,Vulnerable_Road_Users,all_sizes,1320,7891,0.886364,0.166899,0.719465,0.113636,0.833101,0.719465
retinanet,All_Classes,small,4981,21933,0.947802,0.135367,0.812435,0.052198,0.864633,0.812435
retinanet,All_Classes,medium,1740,1978,0.976437,0.667341,0.309096,0.023563,0.332659,0.309096
retinanet,All_Classes,large,1071,908,0.99253,0.827093,0.165437,0.00747,0.172907,0.165437
retinanet,All_Classes,all_sizes,7792,24819,0.960344,0.20307,0.757274,0.039656,0.79693,0.757274
faster_rcnn,Vehicle,small,4075,14503,0.972515,0.112253,0.860262,0.027485,0.887747,0.860262
faster_rcnn,Vehicle,medium,1385,1578,0.962455,0.56654,0.395915,0.037545,0.43346,0.395915
faster_rcnn,Vehicle,large,1012,847,0.980237,0.68595,0.294287,0.019763,0.31405,0.294287
faster_rcnn,Vehicle,all_sizes,6472,16928,0.97157,0.183306,0.788264,0.02843,0.816694,0.788264
faster_rcnn,Pedestrian,small,646,6746,0.900929,0.108953,0.791976,0.099071,0.891047,0.791976
faster_rcnn,Pedestrian,medium,298,334,0.946309,0.751497,0.194812,0.053691,0.248503,0.194812
faster_rcnn,Pedestrian,large,36,47,0.916667,0.93617,-0.019503,0.083333,0.06383,-0.019503
faster_rcnn,Pedestrian,all_sizes,980,7127,0.915306,0.144521,0.770785,0.084694,0.855479,0.770785
faster_rcnn,Cyclist,small,260,684,0.961538,0.100877,0.860661,0.038462,0.899123,0.860661
faster_rcnn,Cyclist,medium,57,66,0.964912,0.621212,0.3437,0.035088,0.378788,0.3437
faster_rcnn,Cyclist,large,23,14,1.0,0.285714,0.714286,0.0,0.714286,0.714286
faster_rcnn,Cyclist,all_sizes,340,764,0.964706,0.149215,0.815491,0.035294,0.850785,0.815491
faster_rcnn,Vulnerable_Road_Users,small,906,7430,0.918322,0.10821,0.810112,0.081678,0.89179,0.810112
faster_rcnn,Vulnerable_Road_Users,medium,355,400,0.949296,0.73,0.219296,0.050704,0.27,0.219296
faster_rcnn,Vulnerable_Road_Users,large,59,61,0.949153,0.786885,0.162268,0.050847,0.213115,0.162268
faster_rcnn,Vulnerable_Road_Users,all_sizes,1320,7891,0.92803,0.144975,0.783055,0.07197,0.855025,0.783055
faster_rcnn,All_Classes,small,4981,21933,0.962658,0.110883,0.851775,0.037342,0.889117,0.851775
faster_rcnn,All_Classes,medium,1740,1978,0.95977,0.599596,0.360174,0.04023,0.400404,0.360174
faster_rcnn,All_Classes,large,1071,908,0.978525,0.692731,0.285794,0.021475,0.307269,0.285794
faster_rcnn,All_Classes,all_sizes,7792,24819,0.964194,0.171119,0.793075,0.035806,0.828881,0.793075
