dataset,detector,failure_type,analysis_class_name,object_size_bin,risk_level,count,high_confidence_count,safety_relevant_count,mean_score,mean_iou,mean_best_same_class_iou,mean_best_wrong_class_iou
kitti,yolo,false_negative,Vehicle,small,medium,34,0,0,,,0.226557,0.03507
kitti,yolo,false_negative,Vehicle,medium,medium,11,0,0,,,0.238382,0.021967
kitti,yolo,false_negative,Vehicle,large,medium,6,0,0,,,0.077291,0.045015
kitti,yolo,false_negative,Pedestrian,small,critical,40,0,40,,,0.243894,0.102452
kitti,yolo,false_negative,Pedestrian,medium,critical,1,0,1,,,0.488011,0.0
kitti,yolo,false_negative,Cyclist,small,critical,2,0,2,,,0.237494,0.164911
kitti,yolo,false_negative,Cyclist,medium,critical,2,0,2,,,0.0,0.289733
kitti,yolo,false_positive,Vehicle,not_applicable,low,9210,495,0,0.04528711,0.397386,0.387298,
kitti,yolo,false_positive,Pedestrian,not_applicable,medium,7686,133,7686,0.02358722,0.438576,0.406422,
kitti,yolo,false_positive,Cyclist,not_applicable,medium,1662,43,1662,0.02462003,0.358351,0.229252,
kitti,yolo,localization_error,Vehicle,small,low,21,2,0,0.0635077,0.363764,0.363764,0.045872
kitti,yolo,localization_error,Vehicle,medium,low,7,1,0,0.10588548,0.371947,0.371947,0.0
kitti,yolo,localization_error,Vehicle,large,low,1,0,0,0.00825297,0.463748,0.463748,0.270089
kitti,yolo,localization_error,Pedestrian,small,medium,30,1,30,0.03892749,0.325152,0.325152,0.131718
kitti,yolo,localization_error,Pedestrian,medium,medium,1,0,1,0.00177866,0.488011,0.488011,0.0
kitti,yolo,localization_error,Cyclist,small,medium,1,0,1,0.00334387,0.474989,0.474989,0.329822
kitti,yolo,class_confusion,Vehicle,small,high,2,0,2,0.01440943,0.405476,0.439862,0.405476
kitti,yolo,class_confusion,Pedestrian,small,high,5,0,5,0.02278256,0.391519,0.411509,0.391519
kitti,yolo,class_confusion,Cyclist,small,high,1,0,1,0.00147035,0.329822,0.474989,0.329822
kitti,yolo,class_confusion,Cyclist,medium,high,1,0,1,0.00187902,0.579466,0.0,0.579466
kitti,yolo,duplicate_detection,Vehicle,small,low,2371,104,0,0.04026478,0.717603,0.717603,
kitti,yolo,duplicate_detection,Vehicle,medium,low,878,59,0,0.05541117,0.773979,0.773979,
kitti,yolo,duplicate_detection,Vehicle,large,low,155,15,0,0.07049409,0.816123,0.816123,
kitti,yolo,duplicate_detection,Pedestrian,small,low,2296,35,2296,0.02461306,0.696735,0.696735,
kitti,yolo,duplicate_detection,Pedestrian,medium,low,1019,19,1019,0.02054544,0.700491,0.700491,
kitti,yolo,duplicate_detection,Pedestrian,large,low,178,1,178,0.01368146,0.698486,0.698486,
kitti,yolo,duplicate_detection,Cyclist,small,low,301,16,301,0.04054284,0.686414,0.686414,
kitti,yolo,duplicate_detection,Cyclist,medium,low,53,2,53,0.0343116,0.697788,0.697788,
kitti,yolo,duplicate_detection,Cyclist,large,low,2,0,2,0.00574373,0.53262,0.53262,
kitti,yolo,true_positive,Vehicle,small,none,4041,3894,0,0.86069642,0.901305,0.901305,
kitti,yolo,true_positive,Vehicle,medium,none,1374,1342,0,0.90490384,0.927755,0.927755,
kitti,yolo,true_positive,Vehicle,large,none,1006,996,0,0.94959886,0.953324,0.953324,
kitti,yolo,true_positive,Pedestrian,small,none,606,489,606,0.60480695,0.762242,0.762242,
kitti,yolo,true_positive,Pedestrian,medium,none,297,270,297,0.78603754,0.819073,0.819073,
kitti,yolo,true_positive,Pedestrian,large,none,36,33,36,0.81045861,0.792136,0.792136,
kitti,yolo,true_positive,Cyclist,small,none,258,222,258,0.71197872,0.836577,0.836577,
kitti,yolo,true_positive,Cyclist,medium,none,55,49,55,0.7949598,0.871975,0.871975,
kitti,yolo,true_positive,Cyclist,large,none,23,23,23,0.94553725,0.902392,0.902392,
kitti,rtdetr,false_negative,Vehicle,small,medium,16,0,0,,,0.318461,0.311855
kitti,rtdetr,false_negative,Vehicle,medium,medium,4,0,0,,,0.396557,0.359327
kitti,rtdetr,false_negative,Vehicle,large,medium,1,0,0,,,0.389134,0.143748
kitti,rtdetr,false_negative,Pedestrian,small,critical,17,0,17,,,0.326148,0.332627
kitti,rtdetr,false_negative,Cyclist,small,critical,1,0,1,,,0.473981,0.473981
kitti,rtdetr,false_positive,Vehicle,not_applicable,low,288025,2569,0,0.01536476,0.096303,0.07945,
kitti,rtdetr,false_positive,Pedestrian,not_applicable,medium,101941,879,101941,0.01574145,0.176058,0.060427,
kitti,rtdetr,false_positive,Cyclist,not_applicable,medium,51081,210,51081,0.01526746,0.224212,0.035971,
kitti,rtdetr,localization_error,Vehicle,small,low,12,2,0,0.13630009,0.411966,0.411966,0.404035
kitti,rtdetr,localization_error,Vehicle,medium,low,4,1,0,0.12183525,0.396557,0.396557,0.359327
kitti,rtdetr,localization_error,Vehicle,large,low,1,0,0,0.01480523,0.389134,0.389134,0.143748
kitti,rtdetr,localization_error,Pedestrian,small,medium,15,3,15,0.15882831,0.367939,0.367939,0.346462
kitti,rtdetr,localization_error,Cyclist,small,medium,1,0,1,0.0475315,0.473981,0.473981,0.473981
kitti,rtdetr,class_confusion,Vehicle,small,high,11,0,11,0.01094125,0.413862,0.422514,0.413862
kitti,rtdetr,class_confusion,Vehicle,medium,high,3,0,3,0.01623957,0.390839,0.436199,0.390839
kitti,rtdetr,class_confusion,Pedestrian,small,high,12,0,12,0.02228448,0.418066,0.386213,0.418066
kitti,rtdetr,class_confusion,Cyclist,small,high,1,1,1,0.42139426,0.473981,0.473981,0.473981
kitti,rtdetr,duplicate_detection,Vehicle,small,low,6370,1214,0,0.12993522,0.611644,0.611644,
kitti,rtdetr,duplicate_detection,Vehicle,medium,low,4321,71,0,0.02450646,0.625486,0.625486,
kitti,rtdetr,duplicate_detection,Vehicle,large,low,3478,11,0,0.01136208,0.658755,0.658755,
kitti,rtdetr,duplicate_detection,Pedestrian,small,low,2091,282,2091,0.09661336,0.619706,0.619706,
kitti,rtdetr,duplicate_detection,Pedestrian,medium,low,2636,37,2636,0.02017347,0.662583,0.662583,
kitti,rtdetr,duplicate_detection,Pedestrian,large,low,305,7,305,0.02895538,0.651882,0.651882,
kitti,rtdetr,duplicate_detection,Cyclist,small,low,856,83,856,0.0912878,0.610752,0.610752,
kitti,rtdetr,duplicate_detection,Cyclist,medium,low,241,3,241,0.02557654,0.62337,0.62337,
kitti,rtdetr,duplicate_detection,Cyclist,large,low,102,2,102,0.02563821,0.645741,0.645741,
kitti,rtdetr,true_positive,Vehicle,small,none,4059,3978,0,0.78879249,0.851626,0.851626,
kitti,rtdetr,true_positive,Vehicle,medium,none,1381,1359,0,0.87440556,0.901755,0.901755,
kitti,rtdetr,true_positive,Vehicle,large,none,1011,1001,0,0.92006454,0.934918,0.934918,
kitti,rtdetr,true_positive,Pedestrian,small,none,629,598,629,0.66929873,0.742582,0.742582,
kitti,rtdetr,true_positive,Pedestrian,medium,none,298,285,298,0.80426064,0.815453,0.815453,
kitti,rtdetr,true_positive,Pedestrian,large,none,36,32,36,0.73673093,0.774083,0.774083,
kitti,rtdetr,true_positive,Cyclist,small,none,259,243,259,0.7106766,0.800072,0.800072,
kitti,rtdetr,true_positive,Cyclist,medium,none,57,54,57,0.82636526,0.85569,0.85569,
kitti,rtdetr,true_positive,Cyclist,large,none,23,22,23,0.87073932,0.883444,0.883444,
kitti,retinanet,false_negative,Vehicle,small,medium,122,0,0,,,0.345001,0.29968
kitti,retinanet,false_negative,Vehicle,medium,medium,30,0,0,,,0.382355,0.494428
kitti,retinanet,false_negative,Vehicle,large,medium,7,0,0,,,0.43165,0.732223
kitti,retinanet,false_negative,Pedestrian,small,critical,112,0,112,,,0.288635,0.393129
kitti,retinanet,false_negative,Pedestrian,medium,critical,8,0,8,,,0.413344,0.634456
kitti,retinanet,false_negative,Pedestrian,large,critical,1,0,1,,,0.482671,0.702306
kitti,retinanet,false_negative,Cyclist,small,critical,26,0,26,,,0.288524,0.481151
kitti,retinanet,false_negative,Cyclist,medium,critical,3,0,3,,,0.448151,0.535147
kitti,retinanet,false_positive,Vehicle,not_applicable,low,316615,852,0,0.00591063,0.051443,0.041656,
kitti,retinanet,false_positive,Pedestrian,not_applicable,medium,67298,331,67298,0.00848547,0.105483,0.016552,
kitti,retinanet,false_positive,Cyclist,not_applicable,medium,27711,115,27711,0.00739373,0.147456,0.008104,
kitti,retinanet,localization_error,Vehicle,small,low,107,14,0,0.10980915,0.388727,0.388727,0.320264
kitti,retinanet,localization_error,Vehicle,medium,low,30,3,0,0.08700984,0.382355,0.382355,0.494428
kitti,retinanet,localization_error,Vehicle,large,low,7,0,0,0.0026129,0.43165,0.43165,0.732223
kitti,retinanet,localization_error,Pedestrian,small,medium,90,32,90,0.29689731,0.355311,0.355311,0.426089
kitti,retinanet,localization_error,Pedestrian,medium,medium,8,0,8,0.02964702,0.413344,0.413344,0.634456
kitti,retinanet,localization_error,Pedestrian,large,medium,1,0,1,0.00714774,0.482671,0.482671,0.702306
kitti,retinanet,localization_error,Cyclist,small,medium,20,5,20,0.22188321,0.371117,0.371117,0.53464
kitti,retinanet,localization_error,Cyclist,medium,medium,3,0,3,0.03097686,0.448151,0.448151,0.535147
kitti,retinanet,class_confusion,Vehicle,small,high,65,0,65,0.00974416,0.51129,0.372501,0.51129
kitti,retinanet,class_confusion,Vehicle,medium,high,24,0,24,0.00625119,0.564399,0.385663,0.564399
kitti,retinanet,class_confusion,Vehicle,large,high,7,0,7,0.01178614,0.732223,0.43165,0.732223
kitti,retinanet,class_confusion,Pedestrian,small,high,73,2,73,0.03035783,0.509457,0.34939,0.509457
kitti,retinanet,class_confusion,Pedestrian,medium,high,8,0,8,0.01750787,0.634456,0.413344,0.634456
kitti,retinanet,class_confusion,Pedestrian,large,high,1,0,1,0.00748606,0.702306,0.482671,0.702306
kitti,retinanet,class_confusion,Cyclist,small,high,22,0,22,0.01907972,0.542873,0.325916,0.542873
kitti,retinanet,class_confusion,Cyclist,medium,high,3,0,3,0.01715878,0.535147,0.448151,0.535147
kitti,retinanet,duplicate_detection,Vehicle,small,low,828,81,0,0.08305673,0.565835,0.565835,
kitti,retinanet,duplicate_detection,Vehicle,medium,low,381,35,0,0.09056454,0.552775,0.552775,
kitti,retinanet,duplicate_detection,Vehicle,large,low,214,10,0,0.04331848,0.550783,0.550783,
kitti,retinanet,duplicate_detection,Pedestrian,small,low,152,19,152,0.11952719,0.583896,0.583896,
kitti,retinanet,duplicate_detection,Pedestrian,medium,low,135,6,135,0.05445831,0.564724,0.564724,
kitti,retinanet,duplicate_detection,Pedestrian,large,low,36,4,36,0.09055022,0.562268,0.562268,
kitti,retinanet,duplicate_detection,Cyclist,small,low,39,2,39,0.03565407,0.579797,0.579797,
kitti,retinanet,duplicate_detection,Cyclist,medium,low,12,1,12,0.04698153,0.584431,0.584431,
kitti,retinanet,duplicate_detection,Cyclist,large,low,7,0,7,0.01889428,0.57127,0.57127,
kitti,retinanet,true_positive,Vehicle,small,none,3953,3632,0,0.88321154,0.842666,0.842666,
kitti,retinanet,true_positive,Vehicle,medium,none,1355,1258,0,0.91635204,0.868293,0.868293,
kitti,retinanet,true_positive,Vehicle,large,none,1005,962,0,0.95322974,0.905605,0.905605,
kitti,retinanet,true_positive,Pedestrian,small,none,534,418,534,0.7093131,0.715883,0.715883,
kitti,retinanet,true_positive,Pedestrian,medium,none,290,260,290,0.86670145,0.787593,0.787593,
kitti,retinanet,true_positive,Pedestrian,large,none,35,32,35,0.86866231,0.773276,0.773276,
kitti,retinanet,true_positive,Cyclist,small,none,234,203,234,0.79865321,0.775686,0.775686,
kitti,retinanet,true_positive,Cyclist,medium,none,54,44,54,0.80992921,0.813593,0.813593,
kitti,retinanet,true_positive,Cyclist,large,none,23,21,23,0.89162618,0.808265,0.808265,
kitti,faster_rcnn,false_negative,Vehicle,small,medium,112,0,0,,,0.233038,0.19068
kitti,faster_rcnn,false_negative,Vehicle,medium,medium,52,0,0,,,0.248214,0.208969
kitti,faster_rcnn,false_negative,Vehicle,large,medium,20,0,0,,,0.281109,0.303701
kitti,faster_rcnn,false_negative,Pedestrian,small,critical,64,0,64,,,0.272985,0.262878
kitti,faster_rcnn,false_negative,Pedestrian,medium,critical,16,0,16,,,0.360958,0.397566
kitti,faster_rcnn,false_negative,Pedestrian,large,critical,3,0,3,,,0.3272,0.457297
kitti,faster_rcnn,false_negative,Cyclist,small,critical,10,0,10,,,0.209709,0.127292
kitti,faster_rcnn,false_negative,Cyclist,medium,critical,2,0,2,,,0.245381,0.202997
kitti,faster_rcnn,false_positive,Vehicle,not_applicable,low,9915,1222,0,0.1058491,0.259255,0.216673,
kitti,faster_rcnn,false_positive,Pedestrian,not_applicable,medium,10359,667,10359,0.05682064,0.273009,0.066946,
kitti,faster_rcnn,false_positive,Cyclist,not_applicable,medium,8951,220,8951,0.02824393,0.355098,0.021628,
kitti,faster_rcnn,localization_error,Vehicle,small,low,74,16,0,0.1712779,0.349305,0.349305,0.226864
kitti,faster_rcnn,localization_error,Vehicle,medium,low,40,8,0,0.13596282,0.313171,0.313171,0.234501
kitti,faster_rcnn,localization_error,Vehicle,large,low,14,4,0,0.27978401,0.395673,0.395673,0.328465
kitti,faster_rcnn,localization_error,Pedestrian,small,medium,47,17,47,0.2676041,0.366426,0.366426,0.331844
kitti,faster_rcnn,localization_error,Pedestrian,medium,medium,14,5,14,0.2703247,0.408345,0.408345,0.442123
kitti,faster_rcnn,localization_error,Pedestrian,large,medium,3,1,3,0.22452298,0.3272,0.3272,0.457297
kitti,faster_rcnn,localization_error,Cyclist,small,medium,6,2,6,0.29349988,0.349515,0.349515,0.206796
kitti,faster_rcnn,localization_error,Cyclist,medium,medium,1,1,1,0.57665902,0.490761,0.490761,0.405995
kitti,faster_rcnn,class_confusion,Vehicle,small,high,37,4,37,0.04833283,0.455275,0.269505,0.455275
kitti,faster_rcnn,class_confusion,Vehicle,medium,high,20,1,20,0.01937271,0.437879,0.2819,0.437879
kitti,faster_rcnn,class_confusion,Vehicle,large,high,12,0,12,0.00239491,0.451829,0.342613,0.451829
kitti,faster_rcnn,class_confusion,Pedestrian,small,high,28,2,28,0.04058942,0.466319,0.397883,0.466319
kitti,faster_rcnn,class_confusion,Pedestrian,medium,high,12,0,12,0.00503158,0.488874,0.424837,0.488874
kitti,faster_rcnn,class_confusion,Pedestrian,large,high,2,0,2,0.01793646,0.583294,0.40124,0.583294
kitti,faster_rcnn,class_confusion,Cyclist,small,high,2,0,2,0.00231499,0.385958,0.330704,0.385958
kitti,faster_rcnn,class_confusion,Cyclist,medium,high,1,0,1,0.02589222,0.405995,0.490761,0.405995
kitti,faster_rcnn,duplicate_detection,Vehicle,small,low,402,87,0,0.16835914,0.566053,0.566053,
kitti,faster_rcnn,duplicate_detection,Vehicle,medium,low,153,36,0,0.18765523,0.572076,0.572076,
kitti,faster_rcnn,duplicate_detection,Vehicle,large,low,61,15,0,0.13511162,0.533745,0.533745,
kitti,faster_rcnn,duplicate_detection,Pedestrian,small,low,200,60,200,0.22747967,0.579824,0.579824,
kitti,faster_rcnn,duplicate_detection,Pedestrian,medium,low,68,15,68,0.16882868,0.56191,0.56191,
kitti,faster_rcnn,duplicate_detection,Pedestrian,large,low,8,0,8,0.0119915,0.60549,0.60549,
kitti,faster_rcnn,duplicate_detection,Cyclist,small,low,52,3,52,0.05727747,0.57388,0.57388,
kitti,faster_rcnn,duplicate_detection,Cyclist,medium,low,10,2,10,0.14340239,0.581468,0.581468,
kitti,faster_rcnn,duplicate_detection,Cyclist,large,low,4,0,4,0.05658744,0.59027,0.59027,
kitti,faster_rcnn,true_positive,Vehicle,small,none,3963,3818,0,0.94202464,0.859226,0.859226,
kitti,faster_rcnn,true_positive,Vehicle,medium,none,1333,1294,0,0.95903365,0.864466,0.864466,
kitti,faster_rcnn,true_positive,Vehicle,large,none,992,975,0,0.97495837,0.898913,0.898913,
kitti,faster_rcnn,true_positive,Pedestrian,small,none,582,497,582,0.77339009,0.730336,0.730336,
kitti,faster_rcnn,true_positive,Pedestrian,medium,none,282,268,282,0.92660854,0.784876,0.784876,
kitti,faster_rcnn,true_positive,Pedestrian,large,none,33,31,33,0.86098502,0.744152,0.744152,
kitti,faster_rcnn,true_positive,Cyclist,small,none,250,228,250,0.86295352,0.778182,0.778182,
kitti,faster_rcnn,true_positive,Cyclist,medium,none,55,50,55,0.85703774,0.804909,0.804909,
kitti,faster_rcnn,true_positive,Cyclist,large,none,23,22,23,0.91951576,0.811857,0.811857,
waymo,yolo,false_negative,Vehicle,small,medium,13135,0,0,,,0.010287,0.004973
waymo,yolo,false_negative,Vehicle,medium,medium,743,0,0,,,0.04973,0.022776
waymo,yolo,false_negative,Vehicle,large,medium,311,0,0,,,0.038532,0.008497
waymo,yolo,false_negative,Pedestrian,small,critical,6366,0,6366,,,0.014143,0.006562
waymo,yolo,false_negative,Pedestrian,medium,critical,72,0,72,,,0.134278,0.041179
waymo,yolo,false_negative,Pedestrian,large,critical,1,0,1,,,0.48536,0.0
waymo,yolo,false_negative,Cyclist,small,critical,629,0,629,,,0.004231,0.020651
waymo,yolo,false_negative,Cyclist,medium,critical,31,0,31,,,0.069829,0.294728
waymo,yolo,false_negative,Cyclist,large,critical,10,0,10,,,0.0,0.057774
waymo,yolo,false_positive,Vehicle,not_applicable,low,2731,100,0,0.03154199,0.34313,0.316743,
waymo,yolo,false_positive,Pedestrian,not_applicable,medium,3455,44,3455,0.01490053,0.48945,0.436144,
waymo,yolo,false_positive,Cyclist,not_applicable,medium,375,9,375,0.02183861,0.375121,0.066591,
waymo,yolo,localization_error,Vehicle,small,low,417,37,0,0.07217,0.278134,0.278134,0.046077
waymo,yolo,localization_error,Vehicle,medium,low,104,18,0,0.1267602,0.341639,0.341639,0.131929
waymo,yolo,localization_error,Vehicle,large,low,39,4,0,0.07454172,0.277722,0.277722,0.023796
waymo,yolo,localization_error,Pedestrian,small,medium,289,3,289,0.01274702,0.268248,0.268248,0.037681
waymo,yolo,localization_error,Pedestrian,medium,medium,25,0,25,0.0044107,0.386722,0.386722,0.056351
waymo,yolo,localization_error,Pedestrian,large,medium,1,0,1,0.00510254,0.48536,0.48536,0.0
waymo,yolo,localization_error,Cyclist,small,medium,8,1,8,0.06921626,0.332644,0.332644,0.039848
waymo,yolo,localization_error,Cyclist,medium,medium,5,2,5,0.26778494,0.432937,0.432937,0.178082
waymo,yolo,class_confusion,Vehicle,small,high,59,0,59,0.00457753,0.441945,0.102386,0.441945
waymo,yolo,class_confusion,Vehicle,medium,high,24,0,24,0.00476694,0.41037,0.361678,0.41037
waymo,yolo,class_confusion,Pedestrian,small,high,42,1,42,0.0358124,0.499653,0.113821,0.499653
waymo,yolo,class_confusion,Pedestrian,medium,high,4,0,4,0.00817794,0.605478,0.225476,0.605478
waymo,yolo,class_confusion,Cyclist,small,high,15,2,15,0.0784493,0.700811,0.0,0.700811
waymo,yolo,class_confusion,Cyclist,medium,high,14,6,14,0.25703399,0.63116,0.027903,0.63116
waymo,yolo,class_confusion,Cyclist,large,high,1,0,1,0.008968,0.390414,0.0,0.390414
waymo,yolo,duplicate_detection,Vehicle,small,low,206,7,0,0.03534299,0.716264,0.716264,
waymo,yolo,duplicate_detection,Vehicle,medium,low,327,13,0,0.03704693,0.728991,0.728991,
waymo,yolo,duplicate_detection,Vehicle,large,low,124,9,0,0.05846562,0.720195,0.720195,
waymo,yolo,duplicate_detection,Pedestrian,small,low,567,2,567,0.01137362,0.665059,0.665059,
waymo,yolo,duplicate_detection,Pedestrian,medium,low,972,22,972,0.01997259,0.69519,0.69519,
waymo,yolo,duplicate_detection,Pedestrian,large,low,238,0,238,0.0129776,0.664747,0.664747,
waymo,yolo,duplicate_detection,Cyclist,small,low,17,1,17,0.04053606,0.656683,0.656683,
waymo,yolo,duplicate_detection,Cyclist,medium,low,6,0,6,0.02604919,0.623379,0.623379,
waymo,yolo,true_positive,Vehicle,small,none,1368,749,0,0.44058101,0.78536,0.78536,
waymo,yolo,true_positive,Vehicle,medium,none,835,640,0,0.64154109,0.803938,0.803938,
waymo,yolo,true_positive,Vehicle,large,none,536,421,0,0.68445298,0.833914,0.833914,
waymo,yolo,true_positive,Pedestrian,small,none,380,108,380,0.20980861,0.684103,0.684103,
waymo,yolo,true_positive,Pedestrian,medium,none,262,198,262,0.59647406,0.745504,0.745504,
waymo,yolo,true_positive,Pedestrian,large,none,46,36,46,0.66060281,0.755709,0.755709,
waymo,yolo,true_positive,Cyclist,small,none,55,20,55,0.25056238,0.649644,0.649644,
waymo,yolo,true_positive,Cyclist,medium,none,35,20,35,0.4658183,0.660392,0.660392,
waymo,yolo,true_positive,Cyclist,large,none,4,4,4,0.87302064,0.827575,0.827575,
waymo,rtdetr,false_negative,Vehicle,small,medium,11396,0,0,,,0.130701,0.074647
waymo,rtdetr,false_negative,Vehicle,medium,medium,353,0,0,,,0.263185,0.1388
waymo,rtdetr,false_negative,Vehicle,large,medium,118,0,0,,,0.254526,0.126815
waymo,rtdetr,false_negative,Pedestrian,small,critical,5241,0,5241,,,0.132166,0.115394
waymo,rtdetr,false_negative,Pedestrian,medium,critical,44,0,44,,,0.117918,0.249495
waymo,rtdetr,false_negative,Pedestrian,large,critical,2,0,2,,,0.357421,0.318959
waymo,rtdetr,false_negative,Cyclist,small,critical,516,0,516,,,0.10691,0.166733
waymo,rtdetr,false_negative,Cyclist,medium,critical,8,0,8,,,0.193818,0.2011
waymo,rtdetr,false_negative,Cyclist,large,critical,9,0,9,,,0.285883,0.195043
waymo,rtdetr,false_positive,Vehicle,not_applicable,low,162755,539,0,0.01194197,0.114504,0.09232,
waymo,rtdetr,false_positive,Pedestrian,not_applicable,medium,74632,391,74632,0.01560204,0.18424,0.088944,
waymo,rtdetr,false_positive,Cyclist,not_applicable,medium,54281,92,54281,0.01161264,0.140264,0.013966,
waymo,rtdetr,localization_error,Vehicle,small,low,5099,94,0,0.0257363,0.257989,0.257989,0.122371
waymo,rtdetr,localization_error,Vehicle,medium,low,294,6,0,0.02078946,0.309262,0.309262,0.158406
waymo,rtdetr,localization_error,Vehicle,large,low,95,1,0,0.01495086,0.302623,0.302623,0.136082
waymo,rtdetr,localization_error,Pedestrian,small,medium,2336,12,2336,0.02196548,0.275697,0.275697,0.203932
waymo,rtdetr,localization_error,Pedestrian,medium,medium,13,0,13,0.01351648,0.388622,0.388622,0.427238
waymo,rtdetr,localization_error,Pedestrian,large,medium,2,0,2,0.05205733,0.357421,0.357421,0.318959
waymo,rtdetr,localization_error,Cyclist,small,medium,178,3,178,0.02996739,0.294557,0.294557,0.320537
waymo,rtdetr,localization_error,Cyclist,medium,medium,6,0,6,0.00593418,0.258077,0.258077,0.204081
waymo,rtdetr,localization_error,Cyclist,large,medium,7,0,7,0.00738467,0.349806,0.349806,0.233669
waymo,rtdetr,class_confusion,Vehicle,small,high,836,0,836,0.01037178,0.396309,0.32597,0.396309
waymo,rtdetr,class_confusion,Vehicle,medium,high,64,0,64,0.00996093,0.410668,0.406827,0.410668
waymo,rtdetr,class_confusion,Vehicle,large,high,17,0,17,0.00661237,0.383131,0.304625,0.383131
waymo,rtdetr,class_confusion,Pedestrian,small,high,699,2,699,0.02128889,0.397534,0.369846,0.397534
waymo,rtdetr,class_confusion,Pedestrian,medium,high,22,0,22,0.00985017,0.401026,0.212978,0.401026
waymo,rtdetr,class_confusion,Pedestrian,large,high,1,0,1,0.0505416,0.441864,0.441864,0.441864
waymo,rtdetr,class_confusion,Cyclist,small,high,129,0,129,0.02412655,0.415698,0.276708,0.415698
waymo,rtdetr,class_confusion,Cyclist,medium,high,3,0,3,0.00726703,0.341173,0.153831,0.341173
waymo,rtdetr,class_confusion,Cyclist,large,high,3,0,3,0.00691275,0.398111,0.365703,0.398111
waymo,rtdetr,duplicate_detection,Vehicle,small,low,3215,156,0,0.05979995,0.613567,0.613567,
waymo,rtdetr,duplicate_detection,Vehicle,medium,low,2471,13,0,0.01609482,0.63976,0.63976,
waymo,rtdetr,duplicate_detection,Vehicle,large,low,1913,1,0,0.00912729,0.658599,0.658599,
waymo,rtdetr,duplicate_detection,Pedestrian,small,low,2906,54,2906,0.0413145,0.61678,0.61678,
waymo,rtdetr,duplicate_detection,Pedestrian,medium,low,1757,23,1757,0.0263062,0.676379,0.676379,
waymo,rtdetr,duplicate_detection,Pedestrian,large,low,369,13,369,0.03970856,0.691333,0.691333,
waymo,rtdetr,duplicate_detection,Cyclist,small,low,331,1,331,0.02608474,0.624438,0.624438,
waymo,rtdetr,duplicate_detection,Cyclist,medium,low,211,0,211,0.01471206,0.654024,0.654024,
waymo,rtdetr,duplicate_detection,Cyclist,large,low,12,1,12,0.06640309,0.621989,0.621989,
waymo,rtdetr,true_positive,Vehicle,small,none,3107,1626,0,0.39499787,0.698781,0.698781,
waymo,rtdetr,true_positive,Vehicle,medium,none,1225,874,0,0.59786655,0.771939,0.771939,
waymo,rtdetr,true_positive,Vehicle,large,none,729,536,0,0.65550499,0.807435,0.807435,
waymo,rtdetr,true_positive,Pedestrian,small,none,1505,526,1505,0.25496498,0.657583,0.657583,
waymo,rtdetr,true_positive,Pedestrian,medium,none,290,238,290,0.6532432,0.755315,0.755315,
waymo,rtdetr,true_positive,Pedestrian,large,none,45,45,45,0.8361851,0.800802,0.800802,
waymo,rtdetr,true_positive,Cyclist,small,none,168,53,168,0.25517487,0.634852,0.634852,
waymo,rtdetr,true_positive,Cyclist,medium,none,58,37,58,0.49508569,0.657272,0.657272,
waymo,rtdetr,true_positive,Cyclist,large,none,5,4,5,0.68425359,0.763,0.763,
waymo,retinanet,false_negative,Vehicle,small,medium,12481,0,0,,,0.022541,0.005518
waymo,retinanet,false_negative,Vehicle,medium,medium,579,0,0,,,0.075405,0.008602
waymo,retinanet,false_negative,Vehicle,large,medium,145,0,0,,,0.113806,0.014335
waymo,retinanet,false_negative,Pedestrian,small,critical,5881,0,5881,,,0.030712,0.016282
waymo,retinanet,false_negative,Pedestrian,medium,critical,67,0,67,,,0.152309,0.159431
waymo,retinanet,false_negative,Pedestrian,large,critical,2,0,2,,,0.471459,0.256988
waymo,retinanet,false_negative,Cyclist,small,critical,602,0,602,,,0.012465,0.055247
waymo,retinanet,false_negative,Cyclist,medium,critical,12,0,12,,,0.041331,0.093457
waymo,retinanet,false_negative,Cyclist,large,critical,10,0,10,,,0.0,0.071311
waymo,retinanet,false_positive,Vehicle,not_applicable,low,1969,572,0,0.26017758,0.310584,0.279194,
waymo,retinanet,false_positive,Pedestrian,not_applicable,medium,1503,503,1503,0.26506685,0.323062,0.209561,
waymo,retinanet,false_positive,Cyclist,not_applicable,medium,379,89,379,0.22657318,0.531166,0.054044,
waymo,retinanet,localization_error,Vehicle,small,low,878,444,0,0.42169265,0.287099,0.287099,0.02487
waymo,retinanet,localization_error,Vehicle,medium,low,115,51,0,0.42330241,0.328869,0.328869,0.019135
waymo,retinanet,localization_error,Vehicle,large,low,54,27,0,0.38436513,0.299005,0.299005,0.028069
waymo,retinanet,localization_error,Pedestrian,small,medium,553,262,553,0.35609439,0.302599,0.302599,0.059785
waymo,retinanet,localization_error,Pedestrian,medium,medium,30,8,30,0.21708909,0.337112,0.337112,0.315765
waymo,retinanet,localization_error,Pedestrian,large,medium,2,2,2,0.65455133,0.471459,0.471459,0.256988
waymo,retinanet,localization_error,Cyclist,small,medium,27,11,27,0.37285092,0.26422,0.26422,0.077249
waymo,retinanet,localization_error,Cyclist,medium,medium,1,0,1,0.05208825,0.495967,0.495967,0.455326
waymo,retinanet,class_confusion,Vehicle,small,high,56,10,56,0.16042213,0.422371,0.176119,0.422371
waymo,retinanet,class_confusion,Vehicle,medium,high,5,0,5,0.07986846,0.500349,0.133927,0.500349
waymo,retinanet,class_confusion,Vehicle,large,high,3,0,3,0.08683376,0.336487,0.312293,0.336487
waymo,retinanet,class_confusion,Pedestrian,small,high,107,32,107,0.26974453,0.459911,0.154895,0.459911
waymo,retinanet,class_confusion,Pedestrian,medium,high,18,0,18,0.08447657,0.501408,0.300386,0.501408
waymo,retinanet,class_confusion,Pedestrian,large,high,1,0,1,0.05229952,0.474884,0.472081,0.474884
waymo,retinanet,class_confusion,Cyclist,small,high,48,22,48,0.33238399,0.559004,0.011775,0.559004
waymo,retinanet,class_confusion,Cyclist,medium,high,2,1,2,0.53729205,0.55865,0.247983,0.55865
waymo,retinanet,class_confusion,Cyclist,large,high,1,1,1,0.58148968,0.462993,0.0,0.462993
waymo,retinanet,duplicate_detection,Vehicle,small,low,68,39,0,0.44532476,0.574397,0.574397,
waymo,retinanet,duplicate_detection,Vehicle,medium,low,48,17,0,0.32270775,0.620512,0.620512,
waymo,retinanet,duplicate_detection,Vehicle,large,low,34,9,0,0.22402842,0.560506,0.560506,
waymo,retinanet,duplicate_detection,Pedestrian,small,low,44,11,44,0.2394262,0.583658,0.583658,
waymo,retinanet,duplicate_detection,Pedestrian,medium,low,41,14,41,0.28444048,0.578623,0.578623,
waymo,retinanet,duplicate_detection,Pedestrian,large,low,15,5,15,0.24067299,0.573435,0.573435,
waymo,retinanet,duplicate_detection,Cyclist,small,low,1,0,1,0.14107904,0.541425,0.541425,
waymo,retinanet,duplicate_detection,Cyclist,medium,low,8,2,8,0.18015305,0.617058,0.617058,
waymo,retinanet,duplicate_detection,Cyclist,large,low,1,1,1,0.30905935,0.634689,0.634689,
waymo,retinanet,true_positive,Vehicle,small,none,2022,1713,0,0.7764726,0.747467,0.747467,
waymo,retinanet,true_positive,Vehicle,medium,none,999,875,0,0.82690624,0.789507,0.789507,
waymo,retinanet,true_positive,Vehicle,large,none,702,656,0,0.88849849,0.808884,0.808884,
waymo,retinanet,true_positive,Pedestrian,small,none,865,650,865,0.63489547,0.695535,0.695535,
waymo,retinanet,true_positive,Pedestrian,medium,none,267,250,267,0.87799127,0.758258,0.758258,
waymo,retinanet,true_positive,Pedestrian,large,none,45,45,45,0.8768332,0.749704,0.749704,
waymo,retinanet,true_positive,Cyclist,small,none,82,67,82,0.73324066,0.668214,0.668214,
waymo,retinanet,true_positive,Cyclist,medium,none,54,53,54,0.96054655,0.688703,0.688703,
waymo,retinanet,true_positive,Cyclist,large,none,4,4,4,0.90426789,0.800042,0.800042,
waymo,faster_rcnn,false_negative,Vehicle,small,medium,12875,0,0,,,0.018004,0.009425
waymo,faster_rcnn,false_negative,Vehicle,medium,medium,684,0,0,,,0.057959,0.008651
waymo,faster_rcnn,false_negative,Vehicle,large,medium,266,0,0,,,0.123814,0.006762
waymo,faster_rcnn,false_negative,Pedestrian,small,critical,6011,0,6011,,,0.037238,0.023831
waymo,faster_rcnn,false_negative,Pedestrian,medium,critical,83,0,83,,,0.15183,0.056905
waymo,faster_rcnn,false_negative,Pedestrian,large,critical,3,0,3,,,0.283288,0.327888
waymo,faster_rcnn,false_negative,Cyclist,small,critical,615,0,615,,,0.035181,0.058128
waymo,faster_rcnn,false_negative,Cyclist,medium,critical,25,0,25,,,0.071612,0.279437
waymo,faster_rcnn,false_negative,Cyclist,large,critical,10,0,10,,,0.0,0.05015
waymo,faster_rcnn,false_positive,Vehicle,not_applicable,low,2909,1086,0,0.31044685,0.176259,0.160436,
waymo,faster_rcnn,false_positive,Pedestrian,not_applicable,medium,2625,1094,2625,0.337456,0.235658,0.151546,
waymo,faster_rcnn,false_positive,Cyclist,not_applicable,medium,1132,221,1132,0.21257789,0.202142,0.020907,
waymo,faster_rcnn,localization_error,Vehicle,small,low,712,467,0,0.50851312,0.283832,0.283832,0.041842
waymo,faster_rcnn,localization_error,Vehicle,medium,low,99,61,0,0.48772646,0.321337,0.321337,0.036871
waymo,faster_rcnn,localization_error,Vehicle,large,low,99,48,0,0.36144817,0.282277,0.282277,0.015151
waymo,faster_rcnn,localization_error,Pedestrian,small,medium,747,430,747,0.42861587,0.270552,0.270552,0.094989
waymo,faster_rcnn,localization_error,Pedestrian,medium,medium,37,22,37,0.44720023,0.339107,0.339107,0.123773
waymo,faster_rcnn,localization_error,Pedestrian,large,medium,2,2,2,0.69732669,0.424932,0.424932,0.491833
waymo,faster_rcnn,localization_error,Cyclist,small,medium,65,42,65,0.44778569,0.32927,0.32927,0.24599
waymo,faster_rcnn,localization_error,Cyclist,medium,medium,4,3,4,0.71150152,0.441247,0.441247,0.569597
waymo,faster_rcnn,class_confusion,Vehicle,small,high,87,31,87,0.2561423,0.379403,0.177182,0.379403
waymo,faster_rcnn,class_confusion,Vehicle,medium,high,9,3,9,0.27874841,0.401005,0.233518,0.401005
waymo,faster_rcnn,class_confusion,Pedestrian,small,high,139,60,139,0.36027622,0.441867,0.212086,0.441867
waymo,faster_rcnn,class_confusion,Pedestrian,medium,high,5,1,5,0.23174243,0.443819,0.371043,0.443819
waymo,faster_rcnn,class_confusion,Pedestrian,large,high,2,2,2,0.44827226,0.491833,0.424932,0.491833
waymo,faster_rcnn,class_confusion,Cyclist,small,high,66,30,66,0.31832112,0.472971,0.172499,0.472971
waymo,faster_rcnn,class_confusion,Cyclist,medium,high,11,9,11,0.76432257,0.601328,0.162755,0.601328
waymo,faster_rcnn,duplicate_detection,Vehicle,small,low,37,19,0,0.39195255,0.564019,0.564019,
waymo,faster_rcnn,duplicate_detection,Vehicle,medium,low,39,13,0,0.31891735,0.565447,0.565447,
waymo,faster_rcnn,duplicate_detection,Vehicle,large,low,34,21,0,0.40459796,0.580351,0.580351,
waymo,faster_rcnn,duplicate_detection,Pedestrian,small,low,67,38,67,0.39395914,0.592867,0.592867,
waymo,faster_rcnn,duplicate_detection,Pedestrian,medium,low,51,24,51,0.36230341,0.560086,0.560086,
waymo,faster_rcnn,duplicate_detection,Pedestrian,large,low,9,5,9,0.40488272,0.603444,0.603444,
waymo,faster_rcnn,true_positive,Vehicle,small,none,1628,1442,0,0.8102435,0.735005,0.735005,
waymo,faster_rcnn,true_positive,Vehicle,medium,none,894,841,0,0.88345913,0.782999,0.782999,
waymo,faster_rcnn,true_positive,Vehicle,large,none,581,534,0,0.86607071,0.77087,0.77087,
waymo,faster_rcnn,true_positive,Pedestrian,small,none,735,616,735,0.72924182,0.685466,0.685466,
waymo,faster_rcnn,true_positive,Pedestrian,medium,none,251,243,251,0.9219528,0.731992,0.731992,
waymo,faster_rcnn,true_positive,Pedestrian,large,none,44,43,44,0.88986782,0.681633,0.681633,
waymo,faster_rcnn,true_positive,Cyclist,small,none,69,55,69,0.68270052,0.642493,0.642493,
waymo,faster_rcnn,true_positive,Cyclist,medium,none,41,35,41,0.72780724,0.712198,0.712198,
waymo,faster_rcnn,true_positive,Cyclist,large,none,4,4,4,0.74130867,0.738932,0.738932,
